Latitude,Longitude,Flag
48.01601023203899,-122.53978330592994,4
48.016010247397816,-122.53978329755246,4
48.01601025158642,-122.53978328261874,4
48.01601025314684,-122.53978326830199,4
48.016010252228156,-122.5397832547466,4
48.016010266745454,-122.53978324645283,4
48.01601027672184,-122.53978324389612,4
48.01601026643385,-122.53978323976598,4
48.01601025657099,-122.53978323608219,4
48.016010265760414,-122.53978325010894,4
48.01601025517516,-122.53978325663037,4
48.0160102538201,-122.53978324895438,4
48.01601025720877,-122.53978324379332,4
48.01601026588798,-122.5397832322352,4
48.016010254777385,-122.53978323403915,4
48.016010242771834,-122.53978322113765,4
48.01601023997538,-122.5397832247717,4
48.016010234400966,-122.53978320935487,4
48.016010232646465,-122.5397831641206,4
48.01601021124192,-122.5397831656926,4
48.01601012554825,-122.53978332607642,4
48.01601017444595,-122.53978331033875,4
48.01601015873404,-122.53978333593847,4
48.01601015154714,-122.53978334882511,4
48.01601016296124,-122.53978332890298,4
48.01601018558867,-122.53978327776746,4
48.01601019923229,-122.53978320144266,4
48.016010230460246,-122.5397830905629,4
48.0160102491459,-122.53978304975055,4
48.016010204751275,-122.5397830769314,4
48.01601018291772,-122.539783170691,4
48.01601021156066,-122.5397833241294,4
48.01601022087718,-122.53978346953785,4
48.01601016074654,-122.53978345256667,4
48.01601008666507,-122.5397834092511,4
48.016010036313865,-122.53978345062026,4
48.016010004897716,-122.53978343920647,4
48.01600998286639,-122.53978342284825,4
48.01600999867711,-122.53978339082293,4
48.01601003916204,-122.53978338572134,4
48.016010100357555,-122.5397834138958,4
48.01601015711292,-122.53978348573095,4
48.01601017628768,-122.53978356963273,4
48.01601011255492,-122.53978373249211,4
48.016010099084454,-122.53978379986405,4
48.01601005740903,-122.53978385150954,4
48.01601002238418,-122.53978399352849,4
48.01601000087558,-122.53978407450693,4
48.01600998296466,-122.53978411820775,4
48.01601000518102,-122.53978414373101,4
48.01601002749246,-122.53978410030922,4
48.01601002194462,-122.53978404584889,4
48.01601001718992,-122.53978402871682,4
48.01601003384768,-122.53978396490123,4
48.01601001946659,-122.53978393964205,4
48.01600999155493,-122.5397838988595,4
48.01600995934184,-122.53978387453635,4
48.01600998944585,-122.5397838230729,4
48.0160100011759,-122.53978376620935,4
48.01600999508865,-122.53978377260252,4
48.016009978517815,-122.53978379625822,4
48.01600998321244,-122.53978381902905,4
48.0160099706733,-122.53978383069953,4
48.01600994104057,-122.53978383150212,4
48.016009972147785,-122.53978374770907,4
48.016009983145835,-122.5397836954721,4
48.01600997346994,-122.5397836412444,4
48.016009979296655,-122.53978358734061,4
48.01600998134631,-122.53978363069271,4
48.016009976251794,-122.53978361213741,4
48.01600995890803,-122.5397836172475,4
48.0160099385536,-122.5397836072174,4
48.016009941943,-122.53978356923221,4
48.016009916799185,-122.53978356793941,4
48.016009946632224,-122.5397835327457,4
48.016009968842425,-122.53978351174258,4
48.01600997654903,-122.53978353325795,4
48.016010032787385,-122.53978355026766,4
48.016010069181306,-122.53978356363973,4
48.01601006362334,-122.53978355008736,4
48.01601003412342,-122.53978356473561,4
48.016009993712586,-122.53978356716469,4
48.01600995377417,-122.53978356097434,4
48.01600991842148,-122.53978356975473,4
48.01600991309972,-122.53978357322335,4
48.016009927537226,-122.53978356749634,4
48.01600995116582,-122.53978354566807,4
48.016009978290796,-122.53978354393392,4
48.01600999520751,-122.53978353871105,4
48.01600999155762,-122.53978353997543,4
48.01601000430093,-122.53978353493935,4
48.01600999401062,-122.53978355267246,4
48.01600998348043,-122.53978354868791,4
48.01600997569488,-122.5397835519789,4
48.01600995612641,-122.53978357382387,4
48.01600995533876,-122.53978358082236,4
48.0160099682141,-122.53978357856192,4
48.0160099698164,-122.53978355688382,4
48.01600997737858,-122.53978355700104,4
48.016009973879,-122.53978358075403,4
48.016009975237225,-122.53978357574448,4
48.016009962199554,-122.5397835972217,4
48.01600996967807,-122.53978359203977,4
48.01600995499826,-122.5397836036594,4
48.016009958028924,-122.53978360271877,4
48.016009959721984,-122.5397836059981,4
48.016009954474235,-122.5397836149156,4
48.01600997335445,-122.53978359977897,4
48.016009980909665,-122.53978360691937,4
48.016009983192454,-122.53978361306132,4
48.01600999801458,-122.53978360579679,4
48.016009993241546,-122.53978359818264,4
48.01600999554188,-122.53978358700245,4
48.01600997188452,-122.53978359241889,4
48.016009967604404,-122.5397835874575,4
48.01600996378873,-122.539783596389,4
48.01600998691061,-122.53978355763145,4
48.01600998571068,-122.53978352886156,4
48.01600998110243,-122.53978355342747,4
48.01600998235182,-122.53978351213398,4
48.01600995233423,-122.53978349276765,4
48.01600994744211,-122.53978346209169,4
48.01600993101632,-122.53978345657826,4
48.0160099492692,-122.53978341344975,4
48.016009953013146,-122.53978341397718,4
48.01600996273933,-122.53978339028555,4
48.01600995564534,-122.53978338637744,4
48.0160100022101,-122.5397833366071,4
48.01600998798845,-122.53978330145507,4
48.01600996674542,-122.53978332550315,4
48.01600996893349,-122.53978330544565,4
48.016009968744854,-122.53978329237125,4
48.01600996161442,-122.53978328905343,4
48.016009953049604,-122.53978328819875,4
48.016009954053324,-122.53978328600046,4
48.01600996108162,-122.5397832518646,4
48.01600995874458,-122.53978324349964,4
48.01600997395827,-122.53978325490415,4
48.016009970437324,-122.53978324621067,4
48.01600997012001,-122.53978326539588,4
48.016009967240436,-122.53978325034838,4
48.01600996779615,-122.53978323072847,4
48.01600996312881,-122.53978322848084,4
48.01600996472305,-122.53978323117666,4
48.016009959567036,-122.5397832438314,4
48.01600996109195,-122.53978324495715,4
48.01600995219962,-122.53978324035624,4
48.0160099617206,-122.53978324750538,4
48.01600995734321,-122.53978323789991,4
48.01600996384814,-122.53978324388345,4
48.016009966262175,-122.53978324825272,4
48.0160099697777,-122.53978325140997,4
48.016009992149925,-122.53978324458241,4
48.01601000349446,-122.53978323897346,4
48.016009998770514,-122.53978323870388,4
48.016009991072,-122.53978323697743,4
48.01600999310166,-122.53978324280537,4
48.016010011775265,-122.53978323302977,4
48.016010016760504,-122.53978321873045,4
48.01601001300509,-122.53978321951328,4
48.016010007744605,-122.5397832345186,4
48.01600999008791,-122.53978323457737,4
48.01601000388716,-122.53978325287183,4
48.01601000860357,-122.53978324576914,4
48.016010012556876,-122.53978324188881,4
48.016010019745394,-122.53978328417324,4
48.01601004620108,-122.5397832773553,4
48.01601004377851,-122.53978327813039,4
48.01601004231283,-122.53978328456715,4
48.01601002908762,-122.53978330109392,4
48.016010024182755,-122.53978332345848,4
48.01601002823693,-122.53978333399371,4
48.016010027358774,-122.53978336217871,4
48.01601003406199,-122.5397833334828,4
48.016010016791235,-122.5397833487258,4
48.01601001187366,-122.53978335505533,4
48.01601002171704,-122.53978335450716,4
48.016010037468895,-122.5397833258266,4
48.01601002924976,-122.53978332467953,4
48.01601004363091,-122.5397833312584,4
48.0160100405198,-122.53978333150661,4
48.01601001330652,-122.5397833535447,4
48.016009994104344,-122.53978336039765,4
48.01600998704332,-122.53978336630921,4
48.01601000762059,-122.5397833492712,4
48.01601000749894,-122.53978336182354,4
48.01600999900881,-122.53978337650977,4
48.01601000694135,-122.5397833866218,4
48.01601000165357,-122.53978338701617,4
48.01601000317156,-122.5397833998801,4
48.01600999600456,-122.53978340187282,4
48.01600999490489,-122.53978340066867,4
48.01601000210117,-122.53978338628202,4
48.01600999400496,-122.53978339142185,4
48.01600999087104,-122.53978338341278,4
48.016009973886334,-122.53978335074133,4
48.016009938935525,-122.5397833659012,4
48.01600996107724,-122.53978332448746,4
48.01600997592026,-122.53978328860399,4
48.016009982491916,-122.53978329024372,4
48.01600997201577,-122.53978327305967,4
48.01600997614036,-122.53978325374551,4
48.01600996193448,-122.53978326071625,4
48.01600996130793,-122.53978324630704,4
48.01600994439394,-122.53978324146259,4
48.01600993279893,-122.53978322878889,4
48.0160099259073,-122.53978322826698,4
48.01600994620414,-122.5397832091968,4
48.016009933893194,-122.53978319888212,4
48.016009936331535,-122.5397831806971,4
48.01600992489047,-122.53978319662069,4
48.016009932185376,-122.53978316980924,4
48.01600990794485,-122.53978320750073,4
48.01600991290566,-122.53978317435109,4
48.016009898815575,-122.53978320645112,4
48.016009892275015,-122.53978321686077,4
48.01600990646522,-122.53978320159749,4
48.01600992576994,-122.53978318461216,4
48.01600994614611,-122.53978316766688,4
48.016009954239784,-122.53978318989554,4
48.01600997777207,-122.53978320203422,4
48.0160099707889,-122.53978318687753,4
48.01600996156344,-122.53978320494012,4
48.016009964506054,-122.53978325800502,4
48.01600996068207,-122.53978327904201,4
48.01600994848966,-122.53978326504676,4
48.01600995242572,-122.53978325796048,4
48.01600996316786,-122.53978324728003,4
48.01600996955777,-122.53978326543783,4
48.01600997764465,-122.53978327677488,4
48.01600998350534,-122.53978327642368,4
48.01600998400087,-122.53978329026731,4
48.016009987819,-122.53978330207505,4
48.01600999511017,-122.53978331564954,4
48.01601001612757,-122.53978332218723,4
48.01601002147512,-122.53978333121476,4
48.01601001472283,-122.53978333437827,4
48.01600999779647,-122.53978333049675,4
48.01600999561157,-122.5397833407724,4
48.016010006613904,-122.53978332469111,4
48.016010014462395,-122.53978333717252,4
48.01600999950582,-122.53978334536437,4
48.01600999967692,-122.53978333034144,4
48.01600999830336,-122.53978332694518,4
48.016009987561716,-122.53978331676008,4
48.0160099833897,-122.5397833048323,4
48.0160099714815,-122.53978329481797,4
48.0160099846663,-122.5397832680308,4
48.01600997258433,-122.53978327384453,4
48.016009974670744,-122.53978326903136,4
48.01600997944108,-122.53978326415849,4
48.01601000151221,-122.53978324312503,4
48.0160099996432,-122.53978322213688,4
48.0160100013797,-122.53978322615545,4
48.016009991601095,-122.53978321917853,4
48.016009995887934,-122.53978321112868,4
48.01600999755655,-122.53978320990902,4
48.016010004129456,-122.5397831777045,4
48.01601000361527,-122.53978317192292,4
48.01601000513512,-122.53978318429675,4
48.01601000074694,-122.53978318228236,4
48.016009992943694,-122.53978316600062,4
48.01600998518766,-122.53978316729521,4
48.01600998475221,-122.53978316375243,4
48.01600998999494,-122.53978315767475,4
48.016009983594564,-122.53978316094947,4
48.016009980982496,-122.53978315351921,4
48.016009946517656,-122.53978317052429,4
48.01600994175365,-122.53978313288505,4
48.016009922443196,-122.53978315036458,4
48.01600992451137,-122.53978314059367,4
48.01600994027977,-122.53978315364066,4
48.016009957867446,-122.53978316115605,4
48.01600996738967,-122.53978316739172,4
48.016009979927375,-122.53978317330322,4
48.01600998259364,-122.53978316872842,4
48.01601000734975,-122.5397831706365,4
48.01601000729233,-122.53978314725413,4
48.016010014116816,-122.5397831574748,4
48.01601000995586,-122.53978316971643,4
48.01600999484064,-122.53978318676731,4
48.01601000094216,-122.53978318559152,4
48.01601000625963,-122.53978318410176,4
48.01600999699016,-122.53978320093408,4
48.01600999544584,-122.53978322127612,4
48.016009992738326,-122.53978321608672,4
48.01601000983971,-122.53978321049993,4
48.016010016497084,-122.53978319988589,4
48.016010002344416,-122.53978320206544,4
48.01600998468598,-122.53978323243692,4
48.01600999279452,-122.53978322508479,4
48.01600998835917,-122.53978324668522,4
48.01600996354816,-122.53978326297054,4
48.01600996951767,-122.53978325819146,4
48.016009985129934,-122.53978325849741,4
48.01600999422595,-122.53978326063256,4
48.01600999455684,-122.53978326742474,4
48.01601001987292,-122.53978322767325,4
48.01601001240309,-122.53978324143593,4
48.01601000926362,-122.53978323731357,4
48.01601001476538,-122.53978322849964,4
48.01601000913606,-122.5397832174394,4
48.01601000911238,-122.53978321775685,4
48.016010004782444,-122.53978320229655,4
48.01601000283333,-122.53978320153021,4
48.01600998743181,-122.53978317572057,4
48.01600998119095,-122.53978317354986,4
48.01600998878149,-122.5397831722611,4
48.0160099970974,-122.53978316445092,4
48.01600999609418,-122.53978316534217,4
48.016009989342805,-122.53978315975773,4
48.016009983514564,-122.53978316196519,4
48.01600996293048,-122.53978315453094,4
48.01600995325176,-122.53978316668233,4
48.01600995553464,-122.5397831505383,4
48.0160099766184,-122.53978314708166,4
48.01600998135905,-122.53978315786456,4
48.01600998570889,-122.53978311405537,4
48.0160099764882,-122.53978311731325,4
48.01600997544897,-122.5397831156526,4
48.01600998146387,-122.53978310283358,4
48.01600998466115,-122.53978310216783,4
48.016009984820904,-122.53978310012472,4
48.016009973843545,-122.53978310202552,4
48.016009979218175,-122.53978309445274,4
48.01600996146409,-122.53978310681376,4
48.01600997583347,-122.53978312876228,4
48.01600999479415,-122.53978309665227,4
48.01600998745609,-122.53978313279825,4
48.01600999515041,-122.53978312403565,4
48.01601000321431,-122.53978312772257,4
48.016010007377545,-122.53978312312267,4
48.016009999722755,-122.53978312570992,4
48.01601000712178,-122.5397831263964,4
48.016010010484145,-122.53978311809546,4
48.01601000472557,-122.53978314705174,4
48.01601002891225,-122.53978316845546,4
48.01601004214159,-122.539783171016,4
48.01601002982555,-122.53978314335438,4
48.0160100114717,-122.53978315179612,4
48.016010028229196,-122.53978315953204,4
48.016010022964274,-122.53978315308304,4
48.016010025121716,-122.53978313893914,4
48.016010026411706,-122.53978314347968,4
48.01601003416703,-122.53978314636545,4
48.01601002766391,-122.53978315892266,4
48.01601002948506,-122.53978316115467,4
48.016010052717014,-122.53978313924523,4
48.01601006530333,-122.53978311967556,4
48.01601005251086,-122.53978312690194,4
48.01601003175582,-122.53978312600537,4
48.01601003514746,-122.53978309888394,4
48.016010037523074,-122.53978310756084,4
48.01601003732251,-122.53978311752113,4
48.01601004648549,-122.53978308774819,4
48.01601005963784,-122.53978310187598,4
48.016010070928644,-122.5397830708009,4
48.01601005054997,-122.5397830726804,4
48.0160100392787,-122.53978309639008,4
48.016010029137,-122.53978307591233,4
48.01601002625687,-122.53978308836102,4
48.01601002106396,-122.53978309071941,4
48.01601001968119,-122.5397830600045,4
48.01601001935852,-122.53978307726122,4
48.01601002888362,-122.53978307046353,4
48.01601003176438,-122.53978307320527,4
48.01601003623741,-122.53978308621623,4
48.0160100550892,-122.53978306077596,4
48.01601006020776,-122.53978306480673,4
48.01601005522419,-122.5397830726199,4
48.01601006538036,-122.53978306686655,4
48.01601006532263,-122.53978306249225,4
48.01601005998759,-122.53978304670952,4
48.01601005053536,-122.53978304996733,4
48.01601005406682,-122.53978304984173,4
48.01601006820246,-122.53978305689198,4
48.01601005043603,-122.53978306480761,4
48.01601005257943,-122.53978308408581,4
48.01601005735658,-122.53978308147649,4
48.016010053173794,-122.53978308042306,4
48.01601004546338,-122.53978308984527,4
48.01601005612363,-122.53978307785364,4
48.01601006446599,-122.53978308107519,4
48.01601007667387,-122.53978308044266,4
48.016010088731065,-122.53978310807499,4
48.01601009363598,-122.53978311440495,4
48.01601008858763,-122.53978314468526,4
48.016010096891485,-122.53978314249302,4
48.01601006842984,-122.53978314624806,4
48.01601002357584,-122.53978316612276,4
48.016010016077296,-122.5397831763846,4
48.01601002772535,-122.53978317098098,4
48.01601006255996,-122.5397831594129,4
48.016010099102864,-122.53978316597889,4
48.016010093944864,-122.53978317138909,4
48.01601008537683,-122.53978317697603,4
48.01601008360269,-122.53978316649332,4
48.01601010050873,-122.53978316168947,4
48.01601008878521,-122.53978317095307,4
48.01601010517584,-122.53978315279736,4
48.01601009855501,-122.53978315443415,4
48.016010081013846,-122.53978314202135,4
48.016010081133494,-122.53978313574738,4
48.01601008741405,-122.53978313648004,4
48.01601010709364,-122.53978311709427,4
48.01601010752317,-122.53978309713516,4
48.01601010154095,-122.53978308126047,4
48.01601008868763,-122.5397830689446,4
48.01601008923274,-122.53978308120989,4
48.016010091922,-122.53978307575012,4
48.01601007873715,-122.53978307773717,4
48.016010084885764,-122.53978308060508,4
48.01601008370274,-122.53978308698154,4
48.01601009474297,-122.53978307778947,4
48.01601009438031,-122.53978308119925,4
48.01601010225568,-122.5397830958525,4
48.01601008046816,-122.53978311416658,4
48.01601009727456,-122.53978309288048,4
48.01601009151982,-122.53978310786023,4
48.0160100975542,-122.53978310375592,4
48.01601010211536,-122.53978309593926,4
48.016010103984264,-122.53978308676298,4
48.01601009638244,-122.5397830864066,4
48.01601009184107,-122.53978308314926,4
48.01601009157064,-122.53978308662197,4
48.016010089363135,-122.53978310715421,4
48.01601008750748,-122.53978312537868,4
48.01601008923853,-122.53978311179853,4
48.01601008507036,-122.53978309534087,4
48.01601008998342,-122.53978310022293,4
48.01601008956909,-122.53978309353217,4
48.01601009784457,-122.53978308778206,4
48.0160100865989,-122.53978310341132,4
48.01601008796546,-122.53978309406752,4
48.01601008245775,-122.5397831059637,4
48.01601008213022,-122.53978309136329,4
48.016010096233984,-122.53978310365638,4
48.01601008533126,-122.53978309098278,4
48.0160100833722,-122.53978307955452,4
48.016010085534845,-122.53978309048814,4
48.01601008844325,-122.53978308272836,4
48.01601008772752,-122.53978306425626,4
48.016010073040256,-122.53978307156407,4
48.01601008004455,-122.53978305216908,4
48.01601008925064,-122.53978303574642,4
48.01601009492954,-122.53978302804636,4
48.01601008355665,-122.53978303028141,4
48.016010074353915,-122.5397830386988,4
48.01601007390805,-122.53978303155618,4
48.016010076240704,-122.53978303185569,4
48.016010068879616,-122.5397830352901,4
48.01601006516826,-122.53978305561093,4
48.016010067161616,-122.53978302150777,4
48.0160100582493,-122.53978305752953,4
48.01601007125463,-122.53978309719838,4
48.01601007082973,-122.53978308192121,4
48.01601006609683,-122.53978307723304,4
48.01601009320597,-122.53978309337337,4
48.01601011562147,-122.53978306767537,4
48.01601011162696,-122.53978307701705,4
48.01601010863263,-122.53978311311113,4
48.01601009794055,-122.53978312479987,4
48.016010090926564,-122.5397831253899,4
48.016010081436406,-122.53978315376338,4
48.01601009047884,-122.53978316814478,4
48.01601008981808,-122.53978319108411,4
48.01601008888916,-122.5397831927372,4
48.01601010846327,-122.53978317429194,4
48.01601011940198,-122.53978315492061,4
48.01601011791284,-122.53978316538144,4
48.01601011470986,-122.5397831617314,4
48.016010114797744,-122.53978316397682,4
48.01601011232588,-122.53978316830752,4
48.016010114592724,-122.53978315623559,4
48.016010095584626,-122.53978315181534,4
48.016010090460355,-122.53978314761473,4
48.016010081978436,-122.53978313538323,4
48.0160101129969,-122.53978310982083,4
48.016010111778634,-122.53978308014096,4
48.01601011397035,-122.53978307001235,4
48.01601011677753,-122.53978304790209,4
48.01601010883956,-122.53978302843105,4
48.01601010736723,-122.53978302648707,4
48.01601010156561,-122.53978302956719,4
48.01601011484731,-122.53978302968622,4
48.01601010856293,-122.53978305718367,4
48.016010089893655,-122.53978300051804,4
48.01601009039839,-122.53978296642201,4
48.01601007864156,-122.53978300599272,4
48.01601008648396,-122.53978297405466,4
48.01601010463271,-122.53978297886539,4
48.01601012569015,-122.53978297440045,4
48.01601012392995,-122.53978297522335,4
48.01601008395289,-122.53978299094098,4
48.016010067370985,-122.5397830339069,4
48.016010056816185,-122.53978305972826,4
48.016010058413634,-122.53978307404857,4
48.01601009237244,-122.53978303501502,4
48.01601008485965,-122.53978304404936,4
48.01601009439546,-122.53978302565491,4
48.01601009423032,-122.53978301466096,4
48.01601007982833,-122.53978302277454,4
48.01601008405887,-122.53978303235641,4
48.01601008799355,-122.53978301956893,4
48.01601007307866,-122.53978302599663,4
48.01601005386238,-122.53978303079232,4
48.01601005289032,-122.53978301651888,4
48.01601008749969,-122.53978299452338,4
48.01601008356674,-122.53978298765226,4
48.01601009061155,-122.53978298023526,4
48.01601008931586,-122.53978297722111,4
48.0160100858531,-122.53978296704865,4
48.0160100710577,-122.53978297322507,4
48.01601007266705,-122.53978298529809,4
48.01601007051166,-122.53978297744676,4
48.016010077147556,-122.53978297175856,4
48.01601007068118,-122.53978296628145,4
48.016010102970036,-122.53978295253826,4
48.01601010091099,-122.5397829573343,4
48.016010103263795,-122.53978297299288,4
48.016010102102854,-122.53978297044023,4
48.01601010043568,-122.53978299096872,4
48.0160101020434,-122.5397829959436,4
48.01601009821303,-122.53978300530231,4
48.01601009563014,-122.53978301970307,4
48.01601009193467,-122.53978302684993,4
48.016010094073096,-122.53978303403431,4
48.016010082843195,-122.53978303648579,4
48.016010072007425,-122.53978304639797,4
48.01601008062103,-122.53978304694284,4
48.01601008240753,-122.53978306520548,4
48.01601009106076,-122.5397830765132,4
48.01601010204159,-122.53978307953656,4
48.016010097045964,-122.53978309105919,4
48.016010087446126,-122.5397830943843,4
48.016010080603536,-122.53978307394738,4
48.016010054715515,-122.53978308094582,4
48.01601007755243,-122.53978304074728,4
48.016010085507105,-122.53978303890845,4
48.01601012706766,-122.53978306189838,4
48.01601012789113,-122.53978306594554,4
48.01601011937473,-122.53978305787095,4
48.01601011690978,-122.53978304597771,4
48.016010105326245,-122.5397830594614,4
48.01601009994657,-122.53978305900729,4
48.016010081074214,-122.53978307034816,4
48.01601006889251,-122.53978308057991,4
48.016010083878115,-122.53978306541336,4
48.016010100487385,-122.53978305671463,4
48.01601010075164,-122.53978307928064,4
48.016010110733866,-122.53978307328134,4
48.01601009583145,-122.53978306100487,4
48.016010093445175,-122.53978305356674,4
48.01601010107331,-122.53978305426112,4
48.01601010331958,-122.5397830445129,4
48.016010115139586,-122.53978303714973,4
48.016010111388475,-122.5397830360199,4
48.016010129877365,-122.5397830249074,4
48.01601011527315,-122.53978304644525,4
48.01601011265046,-122.53978305245838,4
48.01601011832774,-122.53978303921906,4
48.01601010748408,-122.53978304748435,4
48.01601010994217,-122.53978305250214,4
48.01601012037674,-122.53978304335426,4
48.01601012306058,-122.53978305046502,4
48.01601010936034,-122.5397830598387,4
48.01601012112207,-122.53978307466001,4
48.01601012781232,-122.53978304010465,4
48.01601012990984,-122.53978303565803,4
48.01601013167437,-122.53978304016816,4
48.01601013100563,-122.53978303945561,4
48.01601011930821,-122.5397830349552,4
48.01601011668979,-122.53978304262482,4
48.01601010863468,-122.53978304678827,4
48.01601011493845,-122.53978305019423,4
48.0160101142548,-122.53978304787736,4
48.016010116357855,-122.53978303073916,4
48.01601012696284,-122.53978300271208,4
48.01601012296318,-122.53978299894375,4
48.01601012085236,-122.53978299463921,4
48.01601012424295,-122.53978298326122,4
48.016010111324235,-122.53978297166039,4
48.01601010090973,-122.53978296443839,4
48.01601009944104,-122.53978295366936,4
48.016010102653105,-122.53978295585055,4
48.01601010251546,-122.53978295263326,4
48.01601009607743,-122.53978294819014,4
48.01601010215657,-122.53978292859898,4
48.01601010760387,-122.53978293865694,4
48.01601010675036,-122.53978293969855,4
48.016010100165424,-122.53978295337117,4
48.01601009895313,-122.53978295213776,4
48.01601009698219,-122.53978296538487,4
48.016010110192276,-122.5397829573414,4
48.01601011052849,-122.53978295850567,4
48.016010107263845,-122.53978296524988,4
48.01601010553554,-122.53978297382893,4
48.01601010577768,-122.53978296791344,4
48.016010110566874,-122.53978299243676,4
48.01601010841665,-122.5397830033669,4
48.01601009144684,-122.5397830199613,4
48.016010094798276,-122.53978302041513,4
48.01601008634031,-122.53978303210593,4
48.01601008375055,-122.53978305174095,4
48.01601009358907,-122.53978306663844,4
48.01601011515981,-122.53978306358768,4
48.016010128464224,-122.53978307397257,4
48.01601012645062,-122.5397830338001,4
48.01601012181508,-122.53978304483111,4
48.016010099588286,-122.53978307007834,4
48.01601010909483,-122.53978308279616,4
48.01601013390853,-122.53978306923278,4
48.01601014932405,-122.53978306740701,4
48.016010138085356,-122.53978308268726,4
48.01601013380226,-122.53978308386709,4
48.016010125599394,-122.53978309709912,4
48.016010116872025,-122.53978311284085,4
48.01601014474758,-122.53978307401078,4
48.01601014441463,-122.53978308584672,4
48.016010140844685,-122.53978307905082,4
48.01601013687488,-122.53978306769903,4
48.01601012396366,-122.539783066093,4
48.01601011483681,-122.53978306350798,4
48.0160101229279,-122.53978305593175,4
48.01601012754902,-122.53978305585379,4
48.01601012924637,-122.53978304439867,4
48.016010123238644,-122.5397830536181,4
48.01601015229324,-122.5397830471757,4
48.01601016485345,-122.53978305066732,4
48.01601014867327,-122.53978306241744,4
48.01601012082907,-122.53978307232188,4
48.01601010326847,-122.53978308409938,4
48.01601012447592,-122.53978307953075,4
48.016010154296666,-122.53978306280635,4
48.016010167351126,-122.53978303817875,4
48.016010146849965,-122.5397830405427,4
48.01601014361764,-122.53978301516177,4
48.01601013274561,-122.53978296536386,4
48.01601007629719,-122.53978296158344,4
48.016010068695316,-122.53978295283514,4
48.0160100651918,-122.53978293835402,4
48.01601009694767,-122.53978292105657,4
48.016010091339844,-122.53978292549589,4
48.01601008377695,-122.5397829216499,4
48.01601008021841,-122.53978293125574,4
48.016010082804186,-122.53978292676445,4
48.016010099105536,-122.53978292706611,4
48.016010122522204,-122.53978292155108,4
48.016010107185906,-122.53978292958973,4
48.01601010938077,-122.53978294023355,4
48.016010106673455,-122.53978295233095,4
48.01601010702732,-122.53978295769342,4
48.01601012681935,-122.5397829583835,4
48.01601011929084,-122.53978297249857,4
48.016010126947656,-122.5397829517493,4
48.016010125282975,-122.53978295712217,4
48.01601011670672,-122.53978294673583,4
48.01601013679665,-122.53978294039742,4
48.01601013264451,-122.53978294327014,4
48.016010108317815,-122.5397829237633,4
48.01601009504825,-122.53978290554647,4
48.016010114957346,-122.53978289857841,4
48.01601011582501,-122.53978292496991,4
48.01601010316179,-122.53978296442287,4
48.01601006967306,-122.53978295785123,4
48.016010035250204,-122.53978298455226,4
48.0160100325938,-122.5397829891312,4
48.01601006554809,-122.53978297794811,4
48.016010081250045,-122.5397829848404,4
48.01601008242877,-122.53978300358644,4
48.016010106164266,-122.53978301364056,4
48.016010106603076,-122.53978303950431,4
48.01601007064522,-122.5397830791208,4
48.01601004229269,-122.53978309554176,4
48.01601003145859,-122.5397830981945,4
48.01601004232197,-122.53978308602488,4
48.01601007346025,-122.53978309027067,4
48.016010086203195,-122.53978306547107,4
48.016010092971065,-122.53978306089596,4
48.01601009547953,-122.53978306013248,4
48.016010093977215,-122.53978306984558,4
48.016010094815506,-122.53978306780392,4
48.01601008922027,-122.53978306493777,4
48.01601008599754,-122.53978305417789,4
48.01601009446802,-122.5397830426525,4
48.01601009661567,-122.53978305009142,4
48.01601009485204,-122.53978305206657,4
48.016010083696834,-122.53978303674715,4
48.01601008460956,-122.53978302558221,4
48.01601008770479,-122.53978302486074,4
48.0160100984881,-122.53978301734686,4
48.016010097019155,-122.53978300896244,4
48.01601008267312,-122.53978301040203,4
48.0160100811585,-122.53978301185491,4
48.01601010000671,-122.53978299949623,4
48.016010095803935,-122.53978300863291,4
48.01601009864218,-122.53978301015154,4
48.016010097980725,-122.53978301536904,4
48.01601008927927,-122.53978302294108,4
48.01601008920844,-122.53978302457413,4
48.01601007789965,-122.53978302603286,4
48.01601006363804,-122.5397830234448,4
48.01601005187966,-122.53978302345934,4
48.01601004944335,-122.53978300373885,4
48.016010051669106,-122.5397829923104,4
48.01601005491054,-122.53978298837973,4
48.016010049373946,-122.53978299367319,4
48.01601007015717,-122.53978298315816,4
48.016010057500914,-122.53978298126698,4
48.01601006320079,-122.53978297220037,4
48.01601006045888,-122.53978295128519,4
48.01601006222075,-122.53978294142821,4
48.016010059898555,-122.53978293331602,4
48.01601004541956,-122.53978292993266,4
48.01601004174919,-122.53978292465194,4
48.01601003910978,-122.53978292277368,4
48.016010042628615,-122.53978291324545,4
48.016010049249736,-122.53978290871558,4
48.01601004118022,-122.53978290043098,4
48.01601004110108,-122.53978289938175,4
48.01601004064459,-122.53978289569304,4
48.016010033135636,-122.5397828956488,4
48.016010027553136,-122.53978289412856,4
48.016010019906226,-122.53978289202573,4
48.01601001676965,-122.53978289141763,4
48.01601001324176,-122.53978288512096,4
48.01601000783022,-122.53978288332284,4
48.01601003764329,-122.53978289800601,4
48.016010026449436,-122.53978289004405,4
48.01601003080389,-122.53978290427331,4
48.01601002835261,-122.53978290185067,4
48.01601002251716,-122.53978290433588,4
48.01601002087109,-122.53978290427848,4
48.01601002697194,-122.53978291180759,4
48.01601003280103,-122.53978291111555,4
48.01601003422201,-122.53978291492606,4
48.016010025075175,-122.53978291964314,4
48.01601005578364,-122.53978291206226,4
48.0160100556176,-122.53978292461856,4
48.01601005259404,-122.53978293292872,4
48.016010063942524,-122.53978293482493,4
48.01601007231045,-122.53978295493458,4
48.01601007270403,-122.53978296463447,4
48.01601007402708,-122.53978298353304,4
48.01601006629526,-122.53978297451592,4
48.01601007881834,-122.53978297902304,4
48.016010084113866,-122.53978299573627,4
48.01601011329778,-122.53978300675035,4
48.01601010439071,-122.53978298900431,4
48.01601008411098,-122.53978302186037,4
48.01601006996242,-122.53978304884441,4
48.01601006022218,-122.53978303670563,4
48.016010079325774,-122.53978301220758,4
48.01601009470101,-122.53978299306468,4
48.01601009768974,-122.5397830191313,4
48.016010097102516,-122.5397830530118,4
48.016010087173605,-122.53978305326584,4
48.01601009756679,-122.53978304481737,4
48.01601009066639,-122.53978303851646,4
48.01601008778284,-122.53978303086369,4
48.01601009729265,-122.53978303086114,4
48.01601010832248,-122.53978302233314,4
48.01601010980746,-122.53978301053522,4
48.01601010199466,-122.5397830133015,4
48.016010102401374,-122.53978300802764,4
48.0160100883404,-122.53978301597954,4
48.0160100839281,-122.53978302003235,4
48.01601008287555,-122.53978302760446,4
48.01601008563177,-122.53978302383476,4
48.01601008534753,-122.53978302326985,4
48.01601007396877,-122.53978302224365,4
48.016010071116845,-122.53978301190585,4
48.01601006041513,-122.53978302292673,4
48.01601005402801,-122.53978300615739,4
48.01601003859898,-122.53978301646285,4
48.01601004993288,-122.53978300426814,4
48.01601004275906,-122.53978299169646,4
48.016010062239054,-122.53978297732085,4
48.01601005893835,-122.5397829708194,4
48.016010063098406,-122.53978296185858,4
48.01601005280007,-122.5397829579866,4
48.01601004789258,-122.53978296307848,4
48.01601005085695,-122.53978296085525,4
48.01601005912738,-122.53978295503433,4
48.01601006807477,-122.53978293160756,4
48.01601007396343,-122.5397829366833,4
48.01601005730536,-122.53978295697635,4
48.01601007511302,-122.53978294010363,4
48.01601006722899,-122.53978295341977,4
48.01601009167418,-122.53978299398487,4
48.01601010098708,-122.53978298880602,4
48.016010081812624,-122.53978296776276,4
48.01601006452094,-122.53978295623223,4
48.01601007124381,-122.53978295198637,4
48.016010077052854,-122.5397829653578,4
48.016010120718796,-122.53978298913577,4
48.01601018582709,-122.53978300443205,4
48.016010222815815,-122.53978300966831,4
48.01601015930157,-122.5397829926779,4
48.01601012184515,-122.53978298210087,4
48.016010101100974,-122.53978297459041,4
48.01601009714782,-122.53978298193968,4
48.016010121411014,-122.5397829780721,4
48.016010168394466,-122.5397830153296,4
48.016010212171615,-122.53978309060453,4
48.01601023993697,-122.53978310872631,4
48.01601021296,-122.53978310764406,4
48.01601021858872,-122.53978302647951,4
48.01601016697434,-122.53978299689038,4
48.01601014090318,-122.5397830036114,4
48.01601011193315,-122.53978302625153,4
48.01601010202833,-122.53978304429283,4
48.01601010134466,-122.53978305415502,4
48.01601011465792,-122.53978304280935,4
48.01601012578796,-122.5397830352329,4
48.01601009259632,-122.53978303068087,4
48.01601008393517,-122.53978300512769,4
48.01601010347429,-122.53978297210713,4
48.01601010662761,-122.53978296932988,4
48.01601007819874,-122.53978301812549,4
48.01601007021925,-122.53978305226073,4
48.01601005760219,-122.53978304902525,4
48.01601005347287,-122.5397830685674,4
48.01601004672775,-122.5397830728551,4
48.01601006459303,-122.53978307121353,4
48.01601007999375,-122.53978305661728,4
48.0160100932798,-122.53978303353018,4
48.01601009719143,-122.53978302340302,4
48.0160100879564,-122.53978305255409,4
48.01601008176512,-122.53978306582897,4
48.016010065330306,-122.53978307378183,4
48.01601004742213,-122.53978305894401,4
48.01601004480939,-122.53978306647211,4
48.0160100579534,-122.53978307029585,4
48.01601006844875,-122.53978307912385,4
48.01601006790093,-122.53978307549323,4
48.01601007780748,-122.53978308462615,4
48.01601009329324,-122.53978305634543,4
48.01601008242701,-122.53978306303716,4
48.01601007793501,-122.5397830660393,4
48.01601007916646,-122.53978307479713,4
48.01601007888299,-122.53978306361282,4
48.01601007836103,-122.53978307275635,4
48.016010086872406,-122.53978307962042,4
48.016010080388256,-122.53978307924552,4
48.01601008214713,-122.53978308507841,4
48.016010083053,-122.53978308662586,4
48.01601009567516,-122.5397830799238,4
48.01601009390338,-122.53978308159476,4
48.016010089385794,-122.53978307101501,4
48.01601008668086,-122.53978307012237,4
48.016010081213736,-122.5397830566377,4
48.01601008595451,-122.53978304114965,4
48.016010085388416,-122.53978303372364,4
48.01601007790103,-122.539783028242,4
48.01601007023361,-122.5397830244052,4
48.016010079691036,-122.53978301773192,4
48.01601008948093,-122.53978300619643,4
48.01601010838919,-122.5397829889894,4
48.01601008501789,-122.53978300623154,4
48.01601006149426,-122.53978300684145,4
48.016010040578244,-122.53978300035558,4
48.016010036609316,-122.53978301426913,4
48.016010060520195,-122.53978303088088,4
48.016010072975675,-122.53978303538302,4
48.01601007189141,-122.53978303626349,4
48.01601005245517,-122.53978303131406,4
48.01601004788508,-122.53978301210086,4
48.016010026015906,-122.5397830395252,4
48.01601002144274,-122.53978304174292,4
48.01601003288003,-122.53978304766649,4
48.01601004654811,-122.53978306270274,4
48.01601002857342,-122.53978306957447,4
48.01601001917942,-122.53978307199783,4
48.016010030222745,-122.53978307279147,4
48.01601003861252,-122.53978307859897,4
48.01601004703895,-122.53978308350237,4
48.016010040416276,-122.53978306059656,4
48.016010034003955,-122.53978306612052,4
48.01601004560709,-122.53978306676731,4
48.016010062937845,-122.53978306231554,4
48.016010067521314,-122.53978307123688,4
48.01601006609697,-122.53978308122011,4
48.016010065357314,-122.53978308347124,4
48.01601006164233,-122.53978306861855,4
48.01601007071555,-122.5397830767051,4
48.01601006902393,-122.53978307518047,4
48.01601006379949,-122.53978306812745,4
48.01601006125319,-122.5397830699407,4
48.0160100582674,-122.5397830652781,4
48.016010046613815,-122.53978307955376,4
48.01601004735141,-122.5397830724658,4
48.016010030348234,-122.53978307237713,4
48.01601003360575,-122.53978307869556,4
48.016010043699076,-122.53978307483814,4
48.016010048287576,-122.53978306684841,4
48.01601004667368,-122.53978307920207,4
48.01601008779311,-122.53978304891534,4
48.01601008138329,-122.53978306329542,4
48.016010078235844,-122.53978306381724,4
48.01601008176932,-122.53978305742012,4
48.0160100672827,-122.53978307082014,4
48.01601007388241,-122.53978305583843,4
48.016010090926294,-122.53978304331103,4
48.01601008445144,-122.53978303054177,4
48.01601009798067,-122.53978300305396,4
48.016010083443376,-122.53978299348474,4
48.016010059197534,-122.53978300198138,4
48.016010071368235,-122.5397829715727,4
48.01601008840928,-122.53978299701872,4
48.01601008503853,-122.53978302888335,4
48.01601007631754,-122.53978301326835,4
48.016010082025204,-122.53978301069421,4
48.01601008891473,-122.53978303173979,4
48.0160101009744,-122.53978301878857,4
48.01601010176337,-122.53978300489199,4
48.016010090658355,-122.53978298916078,4
48.016010058569016,-122.53978297219533,4
48.016010062967936,-122.53978297102697,4
48.016010066154124,-122.53978296101357,4
48.016010094565836,-122.53978297448747,4
48.01601011318561,-122.53978299587128,4
48.01601008918623,-122.5397830125096,4
48.01601007251319,-122.53978300660626,4
48.01601006335616,-122.53978300312232,4
48.01601006318689,-122.53978301162395,4
48.01601007219404,-122.53978300902376,4
48.016010100804735,-122.53978299835494,4
48.01601009670137,-122.53978300811097,4
48.01601010033057,-122.53978300350857,4
48.01601009805408,-122.53978300680369,4
48.0160100833975,-122.53978302318436,4
48.01601008010699,-122.53978304078748,4
48.01601009143505,-122.53978304373878,4
48.01601009465815,-122.53978302699353,4
48.01601010478813,-122.53978302581274,4
48.01601010010013,-122.5397830212513,4
48.01601008541998,-122.5397830245239,4
48.016010074842775,-122.53978303854068,4
48.01601007737269,-122.53978302135901,4
48.01601009128533,-122.53978302431412,4
48.01601008862629,-122.5397830169758,4
48.01601009384409,-122.53978301807068,4
48.016010087434935,-122.53978302379055,4
48.01601008384679,-122.5397830154075,4
48.016010072185225,-122.53978302520856,4
48.01601005716057,-122.53978303786457,4
48.016010088494845,-122.53978301939614,4
48.016010088464206,-122.53978301508076,4
48.01601009308226,-122.53978299386036,4
48.01601009104802,-122.53978299554205,4
48.01601008444908,-122.53978299729347,4
48.01601008517347,-122.53978297922174,4
48.01601008387492,-122.53978297442434,4
48.01601008343562,-122.53978298488956,4
48.01601008171774,-122.53978297080519,4
48.0160100814192,-122.53978296261734,4
48.01601009383901,-122.53978296642829,4
48.01601009691714,-122.5397829557511,4
48.01601010517155,-122.5397829418827,4
48.016010101613034,-122.53978294159155,4
48.01601009495285,-122.53978294082565,4
48.016010094711525,-122.53978294080457,4
48.016010086747904,-122.53978294871942,4
48.01601008930889,-122.53978295228526,4
48.01601008962923,-122.53978297235201,4
48.01601008768415,-122.53978296925247,4
48.016010085797,-122.53978294820448,4
48.01601008373659,-122.53978294522733,4
48.0160100932238,-122.53978294417784,4
48.016010094377194,-122.53978294901499,4
48.01601010025109,-122.53978295845272,4
48.01601009351562,-122.53978296392559,4
48.01601009399978,-122.539782970008,4
48.01601010513136,-122.53978297360119,4
48.01601011891468,-122.53978297661274,4
48.01601011648073,-122.53978297421541,4
48.01601013024737,-122.53978298224173,4
48.01601012404637,-122.53978297970363,4
48.01601011983941,-122.53978298613292,4
48.016010109733045,-122.5397829783707,4
48.01601011286288,-122.53978296592419,4
48.01601011148863,-122.53978297694016,4
48.01601011132203,-122.53978298121885,4
48.0160101169541,-122.53978297609143,4
48.01601011503065,-122.5397829731646,4
48.01601011117556,-122.53978296636247,4
48.01601009657189,-122.53978296520926,4
48.016010080473315,-122.53978296959292,4
48.01601007520248,-122.53978295584132,4
48.016010077240956,-122.53978295772157,4
48.01601007903088,-122.53978296040381,4
48.01601007404409,-122.53978295968679,4
48.01601006202686,-122.53978296051298,4
48.01601005545398,-122.5397829515549,4
48.01601006385424,-122.5397829441577,4
48.016010076987996,-122.53978299017717,4
48.01601011215847,-122.53978303338539,4
48.01601011188596,-122.53978304924703,4
48.01601011014724,-122.53978305106224,4
48.01601009708684,-122.53978306421928,4
48.01601008039496,-122.5397830879589,4
48.016010073302475,-122.53978310766553,4
48.01601006930445,-122.53978309935914,4
48.01601008089709,-122.53978311638781,4
48.01601009911323,-122.53978311374503,4
48.016010099947735,-122.53978310495265,4
48.01601011142497,-122.53978311499725,4
48.016010106742705,-122.53978311275951,4
48.016010108209365,-122.53978311110257,4
48.01601009909474,-122.539783113263,4
48.016010092862345,-122.53978311127422,4
48.016010097164745,-122.53978309657519,4
48.01601009519162,-122.53978309786777,4
48.01601009515769,-122.5397831095051,4
48.01601009821794,-122.539783101074,4
48.016010111428756,-122.53978308460621,4
48.01601013359195,-122.53978307160534,4
48.01601013121299,-122.53978308184564,4
48.01601012445954,-122.53978307629234,4
48.01601011586907,-122.53978308355907,4
48.0160101049178,-122.53978309235407,4
48.016010114665484,-122.53978309024632,4
48.01601011122407,-122.53978308053331,4
48.01601011511779,-122.53978307584151,4
48.01601010673766,-122.53978308293836,4
48.01601010266365,-122.53978308191246,4
48.01601009777817,-122.53978309078325,4
48.01601009374246,-122.53978309390635,4
48.01601010183544,-122.53978309960685,4
48.01601009736862,-122.53978312307108,4
48.01601009863007,-122.53978313046795,4
48.0160100914905,-122.5397831281421,4
48.016010094461635,-122.53978313934017,4
48.016010095551444,-122.53978315134768,4
48.016010103852594,-122.53978316156723,4
48.01601010879388,-122.53978315862784,4
48.01601012279648,-122.53978315558973,4
48.01601013019237,-122.53978315438346,4
48.01601011855949,-122.53978315368093,4
48.01601012524137,-122.5397831576724,4
48.01601012183737,-122.53978314996202,4
48.01601012809664,-122.53978314145886,4
48.01601013741693,-122.5397831273452,4
48.01601013087767,-122.53978311764752,4
48.01601012844856,-122.53978311352618,4
48.016010126633944,-122.5397831126388,4
48.01601012755244,-122.53978307870122,4
48.01601011824532,-122.5397830739125,4
48.016010117597716,-122.53978307223825,4
48.01601012081641,-122.53978307423648,4
48.01601011980857,-122.53978307016328,4
48.016010121911435,-122.53978307935053,4
48.016010119756906,-122.5397830854266,4
48.01601010997706,-122.53978309791457,4
48.01601010619132,-122.53978309931166,4
48.016010118748156,-122.53978309692971,4
48.016010140658416,-122.53978310990037,4
48.01601014656484,-122.53978310546846,4
48.01601014824421,-122.53978310532216,4
48.01601013347022,-122.53978311641414,4
48.01601012666754,-122.53978310212226,4
48.01601014269953,-122.53978309499591,4
48.01601014145558,-122.5397830946532,4
48.01601013865983,-122.53978308442478,4
48.01601013774149,-122.53978308293985,4
48.01601013520457,-122.53978308013247,4
48.016010130947706,-122.53978305188708,4
48.01601012756635,-122.53978303153023,4
48.0160101157763,-122.53978302503208,4
48.01601011634602,-122.53978300746824,4
48.01601012213936,-122.53978298779404,4
48.0160101145228,-122.53978299968807,4
48.01601011899389,-122.53978300444952,4
48.0160101197505,-122.53978298809851,4
48.01601012304964,-122.53978298622559,4
48.01601012577705,-122.5397829784109,4
48.01601012855507,-122.53978297504422,4
48.01601011835758,-122.53978296288943,4
48.0160101227891,-122.53978296976513,4
48.01601013105224,-122.5397829603337,4
48.01601013306849,-122.5397829511084,4
48.0160101327022,-122.53978297254035,4
48.01601012552157,-122.5397829910533,4
48.01601012986275,-122.5397829979532,4
48.01601013117034,-122.53978301010082,4
48.01601012760835,-122.53978301574212,4
48.01601013367943,-122.53978300289185,4
48.016010124910466,-122.53978301694457,4
48.016010125406105,-122.53978301447121,4
48.01601011853735,-122.53978302338551,4
48.01601012979359,-122.53978302016833,4
48.016010137060086,-122.53978301289635,4
48.0160101344189,-122.53978301250858,4
48.01601012260437,-122.53978302163463,4
48.016010124824334,-122.53978302097435,4
48.01601012755696,-122.53978301726369,4
48.01601012974492,-122.539782995432,4
48.01601013350285,-122.53978298945394,4
48.016010133894305,-122.53978299004486,4
48.01601013480051,-122.53978299873891,4
48.0160101281245,-122.53978301551685,4
48.016010138841594,-122.5397830123609,4
48.01601013558679,-122.53978302758533,4
48.01601014203688,-122.5397830393837,4
48.0160101393964,-122.53978306308787,4
48.016010140972796,-122.53978305992358,4
48.016010126136344,-122.53978306535734,4
48.01601012126601,-122.53978308184709,4
48.01601012266337,-122.53978308794312,4
48.01601012420492,-122.53978309663007,4
48.01601012326499,-122.53978311139159,4
48.01601012440425,-122.53978312521873,4
48.01601012078436,-122.53978312851028,4
48.01601010671171,-122.53978314154536,4
48.016010117158075,-122.53978316119422,4
48.01601012273498,-122.53978315572203,4
48.016010149076784,-122.53978313859338,4
48.01601016001547,-122.53978314863352,4
48.01601015024717,-122.53978315571537,4
48.01601014960309,-122.53978315063864,4
48.016010158132886,-122.53978313726913,4
48.0160101691976,-122.53978314113837,4
48.016010152347064,-122.53978313914457,4
48.01601016356607,-122.53978313576195,4
48.01601015667446,-122.5397831289039,4
48.016010161600136,-122.53978312458919,4
48.016010132111965,-122.53978313615256,4
48.01601014158692,-122.53978312834441,4
48.016010137172216,-122.53978313641133,4
48.01601013556996,-122.5397831311247,4
48.01601014028678,-122.53978311587142,4
48.01601013922238,-122.53978311713283,4
48.016010131726446,-122.5397831375912,4
48.01601013337876,-122.53978313484473,4
48.016010152513715,-122.53978312856864,4
48.01601015416718,-122.53978311212637,4
48.016010117108934,-122.53978311831577,4
48.01601005942074,-122.53978312788801,4
48.016010048344704,-122.53978313950283,4
48.01601004486495,-122.5397831341479,4
48.01601005574607,-122.53978311160779,4
48.01601005873535,-122.53978312904736,4
48.01600994290541,-122.53978314386904,4
48.0160097541684,-122.53978309203502,4
48.01600961018326,-122.53978310572158,4
48.016009567527774,-122.53978313253243,4
48.01600959560473,-122.53978307358979,4
48.01600964666005,-122.53978304584125,4
48.01600970825882,-122.53978306692973,4
48.01600980656349,-122.53978309704056,4
48.01600990577631,-122.53978307508144,4
48.01600996252063,-122.5397830852669,4
48.01600997556001,-122.53978301369169,4
48.01600995538968,-122.53978292915795,4
48.01600991970929,-122.53978288345581,4
48.01600988840179,-122.53978291490165,4
48.01600991996837,-122.53978293987761,4
48.0160099383427,-122.5397829432844,4
48.01600992803449,-122.5397828872306,4
48.01600992787442,-122.5397828436424,4
48.01600990087948,-122.53978275131705,4
48.016009830824444,-122.53978270353164,4
48.016009681327475,-122.53978270310947,4
48.016009564702365,-122.53978279820372,4
48.016009489116385,-122.53978294472526,4
48.01600938701718,-122.53978308366547,4
48.01600927934692,-122.53978325252378,4
48.01600927147532,-122.53978336942325,4
48.016009365159555,-122.5397832651088,4
48.016009410408486,-122.53978303736126,4
48.01600940282585,-122.53978294556076,4
48.01600933177041,-122.5397830310562,4
48.01600921048082,-122.53978313997386,4
48.016009064339265,-122.5397831472429,4
48.016009070826314,-122.53978304079335,4
48.016009061609196,-122.53978291987536,4
48.01600888287132,-122.53978279449488,4
48.01600855950411,-122.53978270224046,4
48.01600804944656,-122.53978269732569,4
48.01600738824771,-122.53978284914409,4
48.01600668266783,-122.53978308117054,4
48.01600603935936,-122.53978323714581,4
48.016005404209835,-122.53978324300664,4
48.016004770867475,-122.53978326777053,4
48.01600419801063,-122.53978353334202,4
48.01600364701869,-122.53978390659705,4
48.016003020821216,-122.5397842183849,4
48.01600230745045,-122.53978443043599,4
48.016001506400855,-122.53978480342157,4
48.01600068061954,-122.53978535150841,4
48.0159998519649,-122.53978587921091,4
48.01599900391483,-122.53978626758997,4
48.015998159018416,-122.53978661654862,4
48.01599729796928,-122.53978704453185,4
48.015996471035145,-122.53978739689043,4
48.01599556377183,-122.53978764429083,4
48.01599470715732,-122.53978782846545,4
48.01599386121401,-122.53978816094995,4
48.015993070149115,-122.5397886117763,4
48.01599224634615,-122.53978915271519,4
48.01599135451312,-122.53978973237271,4
48.01599049903809,-122.5397902637376,4
48.015989610285864,-122.53979077302124,4
48.01598874289771,-122.53979124046106,4
48.015987847353415,-122.53979161800467,4
48.01598692594346,-122.53979179902431,4
48.01598601194562,-122.53979198505455,4
48.01598517064068,-122.53979212746314,4
48.01598435917683,-122.53979237559547,4
48.015983512085185,-122.53979279086585,4
48.01598263220122,-122.53979342244283,4
48.01598174824639,-122.539794032844,4
48.015980855456625,-122.53979453582637,4
48.01597989796195,-122.53979503029328,4
48.015978951625996,-122.53979550723027,4
48.01597805582054,-122.53979601010609,4
48.01597708763939,-122.53979640946565,4
48.015976015494566,-122.53979678399497,4
48.01597490679693,-122.53979714787054,4
48.015973853653236,-122.53979754554574,4
48.01597285961764,-122.5397979556321,4
48.01597195363539,-122.53979842041637,4
48.01597107894586,-122.5397989305714,4
48.01597015654091,-122.53979945668628,4
48.01596922792415,-122.53979996370927,4
48.015968250466294,-122.53980048142441,4
48.01596717792827,-122.53980104049316,4
48.01596617397306,-122.53980160970677,4
48.01596522900615,-122.53980212242791,4
48.01596427950079,-122.53980254255356,4
48.0159632653539,-122.53980289807699,4
48.015962199064234,-122.53980326807786,4
48.015961110623756,-122.53980357083564,4
48.01596007686732,-122.5398039094916,4
48.01595910416316,-122.53980432451937,4
48.015958275992176,-122.5398049633494,4
48.01595748105595,-122.5398055706896,4
48.01595656405321,-122.5398060926244,4
48.015955631549446,-122.53980658164423,4
48.01595486404798,-122.53980697301351,4
48.015954044780756,-122.53980734508228,4
48.015953202343816,-122.53980754841157,4
48.01595225995139,-122.53980773376051,4
48.01595132435023,-122.53980778813978,4
48.01595040512534,-122.53980798335195,4
48.01594948720354,-122.53980826924196,4
48.015948657764966,-122.53980863278552,4
48.01594793581374,-122.5398090750192,4
48.0159472440603,-122.53980951587813,4
48.01594637446626,-122.53980993778578,4
48.01594540474473,-122.53981038451066,4
48.015944411752095,-122.53981091359337,4
48.015943457919555,-122.53981149593656,4
48.015942527275165,-122.53981200908004,4
48.01594165127806,-122.53981234626015,4
48.01594065629226,-122.53981259662294,4
48.01593968564622,-122.53981278259923,4
48.01593869238003,-122.53981302048751,4
48.01593771887343,-122.53981336822906,4
48.01593676432114,-122.53981379055527,4
48.01593581697424,-122.53981424369846,4
48.015934779746274,-122.5398148283094,4
48.01593383659459,-122.53981535033343,4
48.01593287805639,-122.5398158474263,4
48.01593189520949,-122.5398162850553,4
48.01593101719644,-122.53981668557644,4
48.015930133927135,-122.53981707848935,4
48.01592919099253,-122.53981748469961,4
48.01592824159183,-122.53981781361549,4
48.01592729415357,-122.53981811596796,4
48.0159264548294,-122.53981843599105,4
48.0159256887748,-122.53981877079573,4
48.01592497092966,-122.53981913472217,4
48.01592420146897,-122.53981964168882,4
48.01592337247268,-122.53982021246274,4
48.01592245181441,-122.53982081977648,4
48.01592141478758,-122.53982141294763,4
48.01592042661206,-122.53982192452021,4
48.015919499194766,-122.53982234004444,4
48.01591857735777,-122.53982273841741,4
48.015917734421514,-122.53982308966762,4
48.01591683181304,-122.53982339831227,4
48.01591592728995,-122.53982368890946,4
48.015914998337735,-122.53982391267849,4
48.01591405147169,-122.5398242071307,4
48.01591314217106,-122.53982468217043,4
48.015912272630636,-122.5398252855412,4
48.015911431050824,-122.53982593099254,4
48.01591057053197,-122.53982659685181,4
48.01590975507032,-122.53982720784013,4
48.01590883468475,-122.53982778173676,4
48.015907935947745,-122.53982827206917,4
48.0159070046927,-122.53982868695991,4
48.01590605171037,-122.5398290833646,4
48.01590504056017,-122.53982946762234,4
48.015903985400584,-122.539829789291,4
48.01590291090092,-122.53983005123884,4
48.015901897026566,-122.53983034330248,4
48.01590086596928,-122.53983081455853,4
48.01589989779428,-122.53983135482368,4
48.015898920132024,-122.53983193576995,4
48.015897866940435,-122.53983248844868,4
48.015896819440904,-122.53983299900061,4
48.01589581641417,-122.53983351120318,4
48.01589481634019,-122.53983400742445,4
48.01589384654643,-122.53983444803555,4
48.01589288544064,-122.53983489257706,4
48.015891895703604,-122.53983521501928,4
48.01589089809055,-122.53983552097033,4
48.015889974824596,-122.53983590040174,4
48.015889102203104,-122.53983627727207,4
48.01588822379459,-122.53983664101276,4
48.015887343850984,-122.53983712983681,4
48.015886386893655,-122.53983762725139,4
48.015885390578575,-122.53983812026745,4
48.01588440291069,-122.53983865821226,4
48.01588347531904,-122.53983899361569,4
48.015882473739595,-122.53983943327125,4
48.01588147107619,-122.5398397742576,4
48.01588043329619,-122.53984007829054,4
48.015879446871956,-122.53984032111225,4
48.01587852372436,-122.53984058101858,4
48.01587761752014,-122.53984094339607,4
48.015876673939,-122.53984138413209,4
48.015875828536025,-122.539841854809,4
48.01587486387973,-122.53984236846591,4
48.01587391419511,-122.53984284710158,4
48.015872993790744,-122.53984342151134,4
48.01587212650436,-122.53984391158339,4
48.015871202493045,-122.53984440134937,4
48.01587017614961,-122.53984478420053,4
48.01586914635829,-122.5398450459004,4
48.01586812288559,-122.53984525385135,4
48.015867113035576,-122.53984549464361,4
48.01586617147961,-122.53984579902527,4
48.01586521236558,-122.53984627286972,4
48.01586433265206,-122.53984670105581,4
48.01586340353454,-122.53984718083208,4
48.01586242433773,-122.53984764410964,4
48.01586139253179,-122.53984809265818,4
48.015860377844334,-122.53984848820035,4
48.015859361626426,-122.53984892251385,4
48.01585833236789,-122.53984928079687,4
48.01585730207476,-122.5398496271011,4
48.01585628932172,-122.53984992657382,4
48.01585522616003,-122.5398502809203,4
48.01585416965265,-122.53985067173898,4
48.01585316788084,-122.53985104659407,4
48.01585221352984,-122.53985153555873,4
48.01585130942713,-122.53985208847294,4
48.01585047090727,-122.53985261515277,4
48.01584958285067,-122.53985319816886,4
48.01584863931902,-122.53985375534796,4
48.01584761847219,-122.53985428762519,4
48.015846571538404,-122.5398549036999,4
48.01584558828873,-122.53985535710311,4
48.01584468498459,-122.53985563730303,4
48.01584376008572,-122.53985594854366,4
48.01584281419023,-122.53985628637875,4
48.0158418600635,-122.53985663793185,4
48.01584085963335,-122.53985707147879,4
48.015839913689796,-122.53985751795425,4
48.01583898963168,-122.53985799923039,4
48.0158380939473,-122.53985849568744,4
48.015837171986206,-122.5398589772294,4
48.01583616460865,-122.53985946262115,4
48.01583511620795,-122.53985986558675,4
48.015834032083326,-122.53986027806853,4
48.01583300140219,-122.53986064452766,4
48.01583203050664,-122.53986102304474,4
48.01583103931373,-122.539861362872,4
48.015830041685334,-122.53986166935265,4
48.01582898681432,-122.53986201882275,4
48.015827950004194,-122.53986240160386,4
48.015826970933375,-122.53986278461926,4
48.01582605897024,-122.53986320285105,4
48.01582513660248,-122.53986359549276,4
48.0158242063663,-122.53986403451312,4
48.01582323955956,-122.53986450301845,4
48.015822139841255,-122.53986504949049,4
48.015821041361896,-122.53986566605234,4
48.01582001256727,-122.53986617661518,4
48.015818981799136,-122.53986664092473,4
48.01581797332521,-122.53986709780361,4
48.01581696733947,-122.53986755207393,4
48.01581594105052,-122.53986801743575,4
48.01581493916774,-122.53986842915995,4
48.01581399982867,-122.53986885560967,4
48.01581302840089,-122.53986934232618,4
48.01581208950696,-122.53986987189377,4
48.01581115817031,-122.53987032072119,4
48.01581014525981,-122.53987080823681,4
48.01580908966587,-122.53987134736862,4
48.0158080773592,-122.53987184056217,4
48.01580711413852,-122.53987231876584,4
48.015806158404665,-122.5398727632113,4
48.01580519771967,-122.53987318654141,4
48.015804205162084,-122.53987355579712,4
48.015803148024325,-122.53987399403253,4
48.01580222286835,-122.53987437883151,4
48.01580133562909,-122.53987478845714,4
48.01580045958332,-122.53987526252196,4
48.01579952652982,-122.53987572040582,4
48.0157985107997,-122.53987615758038,4
48.0157974174015,-122.53987663975522,4
48.0157963396343,-122.53987715679304,4
48.015795416180325,-122.53987764129448,4
48.015794542575634,-122.53987807413935,4
48.01579361373127,-122.53987847868552,4
48.01579270611447,-122.53987878025127,4
48.01579167246088,-122.53987911125414,4
48.015790616039354,-122.53987946200739,4
48.01578957866723,-122.53987986767872,4
48.01578864383316,-122.53988032379785,4
48.01578769573707,-122.53988089898391,4
48.01578680510094,-122.53988144357766,4
48.01578584980149,-122.53988196887092,4
48.01578488607227,-122.53988251455574,4
48.01578392310033,-122.53988297551155,4
48.01578294648982,-122.5398833955208,4
48.015781982844835,-122.53988371339315,4
48.01578105199374,-122.53988396719771,4
48.015780103763824,-122.53988419364028,4
48.015779118713745,-122.53988438900267,4
48.015778075441325,-122.53988474427217,4
48.01577715992713,-122.53988510578719,4
48.01577629984245,-122.5398855214897,4
48.01577553352433,-122.5398859655166,4
48.01577467890711,-122.53988637212909,4
48.01577377802153,-122.53988681103199,4
48.01577283305409,-122.53988731853835,4
48.01577192054716,-122.53988780881882,4
48.01577109497752,-122.53988820322638,4
48.015770235492724,-122.53988859769571,4
48.01576937119718,-122.53988901238887,4
48.01576849424076,-122.53988947860094,4
48.015767580327136,-122.53988994859306,4
48.01576654492951,-122.53989043513488,4
48.01576556936638,-122.53989084692834,4
48.01576454371214,-122.53989130419971,4
48.01576360447794,-122.53989176530355,4
48.01576268182461,-122.53989224405449,4
48.015761754328196,-122.53989276407151,4
48.015760736810535,-122.53989329048268,4
48.015759681421535,-122.5398938312943,4
48.01575865207223,-122.53989433178202,4
48.01575764537754,-122.53989482213558,4
48.015756627350186,-122.5398953122648,4
48.01575560476129,-122.5398957815275,4
48.01575457711518,-122.53989614978933,4
48.01575346269517,-122.53989653621115,4
48.0157524474886,-122.53989689482144,4
48.01575147114647,-122.53989730000863,4
48.015750523338454,-122.5398977927176,4
48.01574957036716,-122.53989820462836,4
48.015748550514,-122.53989854001688,4
48.0157475161685,-122.53989886719545,4
48.01574649337901,-122.53989928830532,4
48.01574551016211,-122.53989971747993,4
48.015744581185714,-122.53990008800083,4
48.015743709460345,-122.53990042858982,4
48.01574279824115,-122.53990071281967,4
48.01574183508958,-122.53990097202832,4
48.01574084678015,-122.53990115341507,4
48.01573987046132,-122.5399014197408,4
48.01573895338719,-122.53990184302576,4
48.01573807713513,-122.53990236191939,4
48.01573713007595,-122.5399029663436,4
48.01573608730026,-122.53990358755485,4
48.01573500128632,-122.53990419997481,4
48.01573392169897,-122.53990472291429,4
48.015732924909784,-122.5399051018279,4
48.015731931756164,-122.53990553134521,4
48.01573087011471,-122.5399059338355,4
48.01572984887365,-122.5399063441272,4
48.01572882883165,-122.53990673028291,4
48.01572778838971,-122.53990710566605,4
48.015726775940756,-122.53990757840648,4
48.01572580018086,-122.53990802889089,4
48.01572483418291,-122.53990852040288,4
48.0157238409021,-122.53990900627147,4
48.015722751897925,-122.53990933760802,4
48.01572167185179,-122.53990974938878,4
48.01572060773768,-122.53991019446647,4
48.015719628374825,-122.53991067482384,4
48.01571862471763,-122.5399111465975,4
48.015717636643636,-122.53991152229898,4
48.01571655863693,-122.53991182005554,4
48.01571547726199,-122.53991207676779,4
48.015714437360295,-122.53991243356481,4
48.0157134036604,-122.53991285177608,4
48.0157123607207,-122.53991334465091,4
48.01571133814408,-122.53991387017386,4
48.01571039544635,-122.53991438655946,4
48.01570942327669,-122.53991496788434,4
48.01570841959104,-122.53991547860288,4
48.01570747389014,-122.53991596482203,4
48.01570654962841,-122.53991639838286,4
48.015705638490424,-122.53991676098744,4
48.015704670592896,-122.53991711596214,4
48.01570361093259,-122.53991746413294,4
48.01570250736358,-122.53991781227674,4
48.01570145974039,-122.53991816940827,4
48.015700446384436,-122.53991849088136,4
48.01569952266132,-122.53991894291578,4
48.01569858893658,-122.53991948709576,4
48.015697598097475,-122.53992006011615,4
48.015696594774454,-122.53992048242262,4
48.01569559873128,-122.53992089045069,4
48.015694509037154,-122.53992131066488,4
48.01569346885228,-122.53992164817375,4
48.01569248518554,-122.53992196544422,4
48.0156914250186,-122.53992227078994,4
48.01569035571356,-122.53992262985432,4
48.01568926929653,-122.53992296384736,4
48.015688177722126,-122.53992336159577,4
48.015687169457735,-122.53992383658665,4
48.01568620176867,-122.53992436169032,4
48.01568531206328,-122.53992491530212,4
48.01568444263498,-122.53992542455549,4
48.01568352110775,-122.53992597385154,4
48.01568250907683,-122.5399265414431,4
48.01568151098874,-122.53992708839962,4
48.01568054169026,-122.539927590331,4
48.015679639101144,-122.53992806964939,4
48.01567862691178,-122.53992855344754,4
48.015677641688434,-122.539928908973,4
48.01567655933766,-122.5399291892349,4
48.01567548995259,-122.53992959743286,4
48.015674628864424,-122.53992996445834,4
48.015673765343074,-122.53993046081163,4
48.01567291262652,-122.53993106008873,4
48.01567209403577,-122.53993152329747,4
48.01567117291276,-122.53993206435997,4
48.015670296348944,-122.53993248289179,4
48.015669392030055,-122.53993289704155,4
48.015668497210115,-122.53993336461164,4
48.01566764420683,-122.53993371933183,4
48.01566672500888,-122.53993397516048,4
48.015665690817166,-122.53993415631332,4
48.01566463662816,-122.53993430066471,4
48.01566362638768,-122.53993455837004,4
48.015662743104905,-122.53993494754053,4
48.01566188240386,-122.53993548322329,4
48.01566099086642,-122.53993608439941,4
48.01566007621518,-122.53993670280094,4
48.01565910635316,-122.53993730115465,4
48.01565803182192,-122.53993785032011,4
48.01565703248302,-122.53993831780588,4
48.015656131243794,-122.53993870930158,4
48.01565520721473,-122.53993906903438,4
48.01565421888291,-122.53993939327665,4
48.01565319486043,-122.53993975398961,4
48.01565211611464,-122.53994012503763,4
48.01565104958885,-122.53994052790269,4
48.015650086625236,-122.53994091364954,4
48.015649187469144,-122.53994139149444,4
48.01564830266051,-122.5399419045975,4
48.01564738464834,-122.53994239287157,4
48.01564639509053,-122.53994294191128,4
48.0156453535508,-122.53994346796986,4
48.01564434511266,-122.5399438604338,4
48.01564336782273,-122.53994422392071,4
48.015642366009715,-122.53994451689417,4
48.01564139735024,-122.5399447714322,4
48.01564043134519,-122.53994503529456,4
48.015639386562434,-122.53994530970967,4
48.015638378715494,-122.53994559191713,4
48.01563749059053,-122.53994598364744,4
48.01563668104868,-122.53994638780254,4
48.015635801251655,-122.53994682699388,4
48.01563485161513,-122.53994728050348,4
48.01563383853729,-122.53994775933889,4
48.01563290070222,-122.53994820841608,4
48.015631948728945,-122.5399487184621,4
48.015631084615485,-122.53994911434366,4
48.01563016532088,-122.53994941192077,4
48.015629206060034,-122.53994961222394,4
48.015628225804335,-122.53994980778826,4
48.01562720063613,-122.5399499975401,4
48.015626163228525,-122.53995030961516,4
48.015625257434614,-122.53995071051746,4
48.01562436585763,-122.53995127067624,4
48.01562353328204,-122.53995177103968,4
48.015622597687106,-122.53995215761799,4
48.01562163406188,-122.53995267021583,4
48.01562056770465,-122.53995314680444,4
48.01561955791082,-122.53995360223594,4
48.01561851539508,-122.53995411313865,4
48.01561747167322,-122.53995451902941,4
48.015616467713755,-122.53995501858692,4
48.015615457942125,-122.53995545729512,4
48.01561449381779,-122.53995582305873,4
48.01561360600918,-122.5399562153444,4
48.01561276411342,-122.53995669784709,4
48.01561182763661,-122.5399572382541,4
48.01561085336106,-122.53995778914869,4
48.0156098296229,-122.53995833752178,4
48.01560877867597,-122.53995884807063,4
48.01560777896673,-122.53995930066615,4
48.01560687624767,-122.53995974220997,4
48.015606004061866,-122.53996016963815,4
48.01560509609997,-122.53996060057463,4
48.01560413156346,-122.5399610522081,4
48.015603166539584,-122.5399613528329,4
48.01560213890178,-122.53996169740464,4
48.015601235393504,-122.53996207221763,4
48.01560034807153,-122.53996248749571,4
48.015599464026536,-122.53996302988631,4
48.015598581898395,-122.53996353501674,4
48.01559771684965,-122.53996407316298,4
48.01559678413077,-122.53996455837826,4
48.01559574557735,-122.5399650602046,4
48.015594849070276,-122.53996547033665,4
48.01559393127211,-122.53996576747052,4
48.015593015257906,-122.53996612225689,4
48.015592017888515,-122.53996639692373,4
48.015591079257554,-122.53996668840956,4
48.015590198539336,-122.53996685366681,4
48.01558941134531,-122.53996703024683,4
48.01558854771533,-122.5399673473752,4
48.01558764228667,-122.5399679146154,4
48.015586734241566,-122.53996859196818,4
48.015585730438765,-122.53996925110867,4
48.015584673451,-122.53996984421592,4
48.01558365623339,-122.53997033966074,4
48.01558270665451,-122.539970589144,4
48.01558175284143,-122.53997084256501,4
48.01558082943967,-122.53997101494929,4
48.01557982048384,-122.53997130870064,4
48.01557894333311,-122.53997163186217,4
48.015578081332954,-122.53997205107628,4
48.01557718505182,-122.53997259157626,4
48.01557630572889,-122.53997308019525,4
48.01557530721322,-122.53997367643453,4
48.01557426388618,-122.5399742886799,4
48.015573266170115,-122.53997486427285,4
48.01557232130425,-122.53997540082288,4
48.015571498853554,-122.53997580430537,4
48.015570656548306,-122.53997609082124,4
48.015569736684405,-122.53997643199644,4
48.015568805759614,-122.53997669517716,4
48.015567849927855,-122.53997697377261,4
48.015567012078854,-122.53997736292487,4
48.015566184515954,-122.53997772735693,4
48.01556536739542,-122.5399780726013,4
48.01556458416043,-122.53997850440781,4
48.01556373511964,-122.53997891516883,4
48.01556287158889,-122.539979300147,4
48.015561955088764,-122.53997965574952,4
48.015561114498205,-122.53998002280512,4
48.01556033104135,-122.53998031022014,4
48.015559535216035,-122.53998058870977,4
48.01555873194725,-122.5399808859815,4
48.01555789653308,-122.53998116706458,4
48.01555706563309,-122.53998148602277,4
48.01555631373018,-122.53998178109666,4
48.01555559867463,-122.53998211331853,4
48.0155549261238,-122.53998241686482,4
48.01555421153381,-122.53998273546769,4
48.01555340772576,-122.53998311217981,4
48.01555258651347,-122.53998347887553,4
48.01555174399273,-122.5399838771826,4
48.015551027472,-122.53998431834991,4
48.01555032594618,-122.53998475239752,4
48.015549631558756,-122.53998509008835,4
48.01554890994964,-122.53998547407885,4
48.01554819430383,-122.53998578665623,4
48.0155473285069,-122.5399861123259,4
48.01554641582907,-122.53998635456931,4
48.01554550434754,-122.53998663389642,4
48.01554471020003,-122.53998692825049,4
48.015544007722056,-122.5399871732475,4
48.01554328231846,-122.53998749200814,4
48.01554265330324,-122.5399876949164,4
48.01554201973306,-122.53998796696169,4
48.01554128656192,-122.53998832195158,4
48.015540492816946,-122.53998879393717,4
48.01553971640265,-122.53998920991393,4
48.01553902652122,-122.53998962059661,4
48.01553845380488,-122.53998992326271,4
48.01553787294848,-122.53999012483598,4
48.01553726521925,-122.53999029026146,4
48.01553666280585,-122.53999036744419,4
48.01553605564041,-122.5399905946208,4
48.01553565553241,-122.53999072403991,4
48.0155353207165,-122.53999098730593,4
48.0155349556229,-122.53999146160194,4
48.01553473234894,-122.53999193028952,4
48.01553462715046,-122.53999241260067,4
48.01553457488945,-122.5399928359725,4
48.01553452599397,-122.53999312169302,4
48.01553445118084,-122.53999331742968,4
48.01553433350281,-122.53999347031868,4
48.01553414416983,-122.53999354150237,4
48.01553394061126,-122.53999352161999,4
48.01553375646036,-122.53999351457261,4
48.01553364371244,-122.5399934910012,4
48.015533550838384,-122.53999343981292,4
48.015533500002974,-122.53999338112489,4
48.01553350910042,-122.53999339105333,4
48.01553358651192,-122.53999344931381,4
48.015533685487334,-122.53999345932218,4
48.01553374583917,-122.5399935006695,4
48.015533774936635,-122.53999352044193,4
48.0155337496493,-122.53999353645541,4
48.015533701211844,-122.53999348208549,4
48.01553359738057,-122.53999354392982,4
48.01553352171171,-122.53999358921553,4
48.015533452967475,-122.5399935873777,4
48.01553339411218,-122.53999359580146,4
48.01553335989621,-122.53999358146372,4
48.015533371404864,-122.53999352073248,4
48.015533365303405,-122.53999350640441,4
48.01553335835712,-122.53999345691174,4
48.015533278567446,-122.53999342027146,4
48.015533174257506,-122.5399934066152,4
48.01553313326911,-122.53999343158546,4
